{
    "loss": 0.5663549304008484,
    "accuracy": 0.8879310488700867
}