{
    "loss": 0.6072084307670593,
    "accuracy": 0.9482758641242981
}